<p11>,<p0>
<9223372036854775809 should have been interned>,<p1>
<9223372036854775812 should have been interned>,<p2>
<9223372036854775815 should have been interned>,<p3>
<9223372036854775818 should have been interned>,<p4>
<9223372036854775821 should have been interned>,<p5>
<9223372036854775824 should have been interned>,<p6>
<9223372036854775827 should have been interned>,<p7>
<9223372036854775830 should have been interned>,<p8>
<9223372036854775833 should have been interned>,<p9>
<9223372036854775836 should have been interned>,<p10>
<9223372036854775839 should have been interned>,<p11>
<9223372036854775842 should have been interned>,<p12>
<9223372036854775843 should have been interned>,<9223372036854775809 should have been interned>
<9223372036854775848 should have been interned>,<p13>
