<p1>,<p1>,<p3>,<p2>
<p1>,<9223372036854775851 should have been interned>,<p2>,<p3>
<p2>,<p2>,<p4>,<p2>
<p2>,<p0>,<p3>,<p3>
<p2>,<9223372036854775854 should have been interned>,<p2>,<p4>
<p2>,<9223372036854775854 should have been interned>,<p3>,<p5>
<p2>,<9223372036854775854 should have been interned>,<p4>,<p6>
<p2>,<9223372036854775854 should have been interned>,<p5>,<p7>
<p2>,<9223372036854775854 should have been interned>,<p6>,<p8>
<p3>,<p1>,<p4>,<p3>
<p3>,<p3>,<p5>,<p2>
<p3>,<p3>,<p6>,<p3>
<p3>,<9223372036854775851 should have been interned>,<p7>,<p8>
<p3>,<9223372036854775857 should have been interned>,<p6>,<p9>
<p4>,<p2>,<p6>,<p4>
<p4>,<p4>,<p7>,<p3>
<p4>,<p0>,<p8>,<p8>
<p4>,<9223372036854775854 should have been interned>,<p7>,<p9>
<p4>,<9223372036854775854 should have been interned>,<p8>,<p10>
<p4>,<9223372036854775854 should have been interned>,<p9>,<p11>
<p4>,<9223372036854775854 should have been interned>,<p10>,<p12>
<p4>,<9223372036854775860 should have been interned>,<p6>,<p10>
<p5>,<p1>,<p9>,<p8>
<p5>,<p3>,<p7>,<p4>
<p5>,<p5>,<p8>,<p3>
<p5>,<9223372036854775851 should have been interned>,<p11>,<p12>
<p5>,<9223372036854775857 should have been interned>,<p10>,<p13>
<p5>,<9223372036854775863 should have been interned>,<p6>,<p11>
<p6>,<9223372036854775866 should have been interned>,<p6>,<p12>
<p6>,<9223372036854775866 should have been interned>,<p6>,<9223372036854775809 should have been interned>
<p0>,<p0>,<p1>,<p1>
<p0>,<p0>,<p2>,<p2>
<p0>,<p0>,<p0>,<p0>
